id,name,"description"
ENRGY01,Meditative,"you could fall asleep to it"
ENRGY02,Chill,"you could still fall asleep to it, but there's some sort of rhythm"
ENRGY03,Laid-back,"you wouldn't sleep to this, but soft rhythms/percussion"
ENRGY04,Vibin,"soft, but exciting rhythms, making you wish for more"
ENRGY05,Lively,"proper (brain) dancing song, past the warm-up"
ENRGY06,Agile,"this really makes your body/brain move"
ENRGY07,Intense,"hard and fast, almost too much in a way (in hardness/pace/scariness)"
ENRGY08,Reckless,"(almost) disturbingly intense, too much in a way"
SCHHF01,Airy,"full of high/treble frequencies (kill mid and low to hear)"
SCHHF02,LOFI,"intentionally downgraded high-frequency response"
SCHHF11,Hissy,"static high-frequency noise is present in the mix"
SCHMF01,Bright,"significant amount of mid (esp. in chorus/drop) (kill high & low to hear an unbalance)"
SCHMF02,Dark,"lack of mid (the opposite of Bright, mid doesn't add as much to the master)"
SCHLF11,Warm,"significant amount of mid-bass (esp. in chorus/drop) -- 250-500 in Audacity"
SCHLF12,Boomy,"significant amount of fast-release low-bass (esp. in chorus/drop) -- <140hz in Audacity"
SCHLF13,Rumbling,"significant amount of slow-release low-bass (constant bass) -- <140hz in Audacity"
SCHLF14,Muddy,"low frequencies dominate, (almost) overpowering the whole mix"
SCHLF15,Punchy,"uniquely powerful kick/drums"
SCHLF16,Bouncy,"fast, dynamic kicks/bass/etc. with a bit of 'boing'"
SCHLF17,Wavy,"describes bass heavy but relaxed beats with synthetisers (e.g. Max B - I'm So High)"
SCHLF18,CrunchyBass,"when the bass has mid/high extension, usual in Dubstep and DnB e.g."
SCHLF19,WalkingBass,"when the bass is changing notes a lot"
SCHLF20,DroneBass,"the bassline doesn't move much/at all, and is sustained throughout the whole track/break"
SCHLF21,LeadBass,"the bassline carries the main melodic role of the track"
SCHLD01,Dynamic,"has periods with various volume levels (dynamic range)"
SCHLD02,Sparse,"for the most part, the track is quiet, with few to no breaks"
SCHLD03,Dense,"for the most part, the track is loud, with few to no breakdowns"
SCHMR11,Vintage,"sounding not like a modern master"
SCHMR12,Trashy,"sounding like the recorders didn't put much money/time into making the record, sometimes intentionally"
SCHMR13,Crisp,"especially clean and distinguishable samples"
SCHMR14,Sweeping,"resembling a low-to-high or vice versa wave of sound, which is pronounced"
SCHMR15,Ethereal,"the song has sections with long synth notes creating a sense of deep atmosphere (without much percussion)"
SCHMR16,Pulsing,"something resembles a (heart) pulse in the track"
SCHAR11,Beats,"less melody and (can/could be) used to rap over"
SCHAR12,Melodic,"has a defined melody-oriented part"
SCHAR13,Ornate,"has a really decorated melody with many notes and high complexity"
SCHAR14,Chord-progression,"the melody is played for a long time, and it evolves gradually in notes"
SCHAR15,Arpeggio,"when the chords are played in an up-and-down cycle (this might or might not be a part of a chord-progression)"
SCHAR16,Progressive,"for the most part, the song is progressing towards a climax, which might not even be reached"
SCHAR17,Dramatic,"song has dramatic/epic sections"
SCHAR18,Anthem,"has a dramatic breakdown / build-up"
SCHAR19,Explosive,"the chorus/drop/etc. comes in a surprising and sudden way"
SCHAR20,Suspenseful,"song has intense part(s) making you feel excited because you're unsure how it will turn out (on first listening at least)"
SCHAR21,Tense,"the suspense is sustained throughout the song"
SCHAR22,Minimalistic,"doesn't have many sound elements and layers"
SCHAR23,Repetitive,"a/some section(s) are noticeably repeated with little variation throughout the song"
SCHAR24,Abstract,"has many different unique/unusual sound elements and layers"
SCHAR25,Extensive,"has many different sound elements and layers, but not in an unusual way"
SCHAR26,Broken,"when the arrangement sounds (almost) amusical"
STRIN01,Beat-intro,"the song has an intro, which contains beats/percussion"
STRIN02,Beatless-intro,"the song has an intro with no beats/percussion"
STRIN03,No-intro,"the song doesn't have an intro, it's straight to the point"
STRIN11,OnTheOne,"can be played just by hitting start and everyone goes crazy (recognisable hit)"
STROU01,Beat-outro,"the song has an outro, which contains beats/percussion"
STROU02,Beatless-outro,"the song has an outro with no beats/percussion"
STROU03,No-outro,"the song doesn't have an outro, it's just cut off suddenly"
STROU11,Fadeout,"the song doesn't actually end, more like the volume just get faded down"
STROU12,Reverb-out,"the song ends by the reverberance of the last sounds"
STRSB01,Chorus-chorus,"the song has (at least 1) 'chorus' which can be used for phrasing"
STRSB02,Drop-drop,"the song has (at least 1) 'drop' which can be used for phrasing"
STRSB03,Breaks,"has no breakdowns, the beat is almost always present, but usually varied in different phrases"
STRSB04,Uniquely-phrased,"the song's phrasing is unique"
STRSB11,Varied2nd,"the 2nd (or subsequent) chorus/drop is different to the 1st one"
STRSB12,One-piece,"can only be played wholly or aggro-cutted"
STRSB13,LongBreakdown,"the mid-song breakdown is lengthy (or at least 1 of them is)"
STRSB14,LongBuildup,"the mid-song buildup is lengthy (or at least 1 of them is)"
STRSB15,Bridge,"has a bridge section (a contrasting section before the 2nd drop/chorus)"
STRSB16,VariableBPM,"the tempo changes mid-song at least at one point"
SFXBL11,FMBass,"sounds like electric bass guitar, resembles metallic timbre"
SFXBL12,MoogyBass,"the bass you would typically hear in GFunk (created using Minimoog) - lower and more stable than TwistyBass"
SFXBL13,OctaveBass,"bass that's heard a lot in 80s Synth Pop, it's between FMBass and MoogyBass"
SFXBL14,StabbyBass,"imagine slowed-down trap with hi-hats replaced with bass... popular in Synthwave"
SFXBL15,MoroderBass,"a special Stabby x Octave bass, made with old-school synthesizers and reverb, with a funky/groovy sound characteristic"
SFXBL16,808Bass,"a very fast very low bass sound popular in modern Hip hop"
SFXBL17,PluckyBass,"a synth-like bass note that is quick and comes in bunches, often Bouncy, acts also as LEAD"
SFXBL18,TwistyBass,"PluckyBass, but has resonance at the end, it's like the Acid sound, but for bass"
SFXBL19,SubBass,"(usually long sustained) constant, very deep and clean (sinus wave) bass sound -- the <70Hz range is prominent in the song"
SFXBL20,ReesyBass,"long sustained sawtooth bass, Synthier than GrindyBass"
SFXBL21,WobbleBass,"aggressively frequency cut (and potentially resonated) sub bass, common in Dubstep, DNB, etc."
SFXBL22,GlitchBass,"crushed/8-bit/distorted (sub)bass, common in Glitch Hop, IBM, Dubstep, etc."
SFXBL23,GrindyBass,"the heavily distorted bass 'pipe' sound, common in DNB, Dubstep, etc."
SFXBL24,PortamentoBass,"similar to the previous basses, but glides up and down (booing continuously - not in notes, unlike WalkingBass)"
SFXBL25,RollingBass,"similar to the previous basses, but continuously moves back and forth in frequency/pitch (like a spring), also called as 'Roller'"
SFXBL26,DubBass,"sparse but intense bass punches, usually with a lot of reverb"
SFXBL27,BrassyBass,"bass, which sounds like it's made with a tuned and/or electronically modified brass instrument (e.g. trumpet)"
SFXFX11,Overdriven,"sounds overdriven, but doesn't crack or clip"
SFXFX12,Distorted,"sounds overdriven, sometimes even cracking and clipping"
SFXFX13,Glitchy,"intended slips in the record"
SFXFX14,Scratchy,"song contains Vinyl scratching"
SFXFX15,Cutty,"song has abrupt volume cuts (e.g. Snow Strippers - Depriving You)"
SFXFX16,BeatRoll,"song has parts produced where it simulates the Roll DJ effect (e.g. Snow Strippers - Lacerate)"
SFXFX17,Buzzy,"a 'Grindy' mid/high sound"
SFXFX18,Acid,"the widely popular electric 'boing' sound"
SFXFX19,Tremolo,"a type of short echo added to instruments, mostly guitars, see: https://youtu.be/ww1EgV9q-0U?si=Wr3ELmxHKFGBzJnl&t=189"
SFXFX20,Vibrato,"similar to Tremolo, but instead of the volume, the pitch is modulated, see: https://youtu.be/YKtfN4ZzoLY?si=o_zBjeQty1_UXQKN&t=63"
SFXFX21,Reverb,"sounds like it's in a large room"
SFXFX22,Spacious,"naturally provides a big sound stage, 'feels wide and 3D', with or without reverb"
SFXFX23,Detuned,"sounds like some instruments are (intentionally) out of tune, common in Grunge, Goth, etc. styles"
SFXFX24,Pan,"utilising the left and right channel in a distinguished way"
SFXFX25,Chipmunk,"has an 8bit, game machine, etc. sound characteristic"
SFXFX26,Dry,"without much sounds effects / natural (e.g. acoustic)"
SCOKB11,Pads,"has noticable ambience creating space fillers, usually slowly fading-in and out with long sustain"
SCOKB12,Synth,"song has a noticable electronic synthesisers"
SCOKB13,Piano,"sounds like piano"
SCOKB14,Organ,"sounds like organ (big 'piano' in temples e.g.)"
SCOBL11,Whistly,"sounds like whistling"
SCOBL12,Fluty,"sounds like flute, oboe, etc. (woodwinds)"
SCOBL13,Brassy,"sounds like trumpet, saxophone, etc. (made of brass)"
SCOBL14,Horns,"sounds like horn (e.g. siren), non-brass"
SCOST11,Stringy,"sounds like violin, cello, etc. (but not guitar!)"
SCOST12,Harpy,"sounds like harps or guitars played gently and harmonically"
SCOST13,Banjo,"sounds like a banjo (shorter and out-of-tune decay comp. to guitar, often in country music)"
SCOST14,AcousticGuitar,"sounds like acoustic guitar (much higher and longer resonance comp. to banjo)"
SCOST15,ElectricGuitar,"sounds like electric guitar"
SCOST16,BassGuitar,"sounds like bass guitar"
SCOST17,GuitarSolo,"song has a big guitar solo"
SCOPC01,Percussion,"song has percussion"
SCOPC02,Semi-percussion,"song has some percussion, but it's not much"
SCOPC03,No-percussion,"song has no percussion (e.g. only synths and bass)"
SCOPC11,Drummy,"sounds like ACOUSTIC drums (not JUST electronic, in can be in Electronic Music, like Jungle)"
SCOPC12,Kicky,"sounds like drum kicks (either electronic or acoustic)"
SCOPC13,DoublePedal,"sounds like a drummer is using both of their legs to kick drums"
SCOPC14,Snary,"sounds like drum snares (either electronic or acoustic)"
SCOPC15,Clappy,"sounds like clapping (either electronic or acoustic)"
SCOPC16,Snappy,"sounds like snapping fingers"
SCOPC17,Hi-hatty,"sounds like drum hi-hats (either electronic or acoustic)"
SCOPC18,Congas,"sounds like a 'tribal' hand hit drum"
SCOPC19,Cowbell,"sounds like a metallic hi-hat/snare with a bell-like decay"
SCOPC20,Plucky,"sounds like a xylophone"
SCOSM11,Orchestra,"many acoustic instruments played together"
SCOSM12,Tolling,"sounds like huge bells or other deep clanging big instruments"
SCOSM13,Tinkling,"sounds like (little) bells or similar ringing instruments"
SCOSM14,Whooshy,"sounds like a 'woosh' windy sound"
SCOSM15,Maracas,"Rumbatok in Hungarian"
SCOSM16,Tambourine,"another shake instrument, many jingle like sounds together (accompanied hand snare sometimes)"
SCOSM17,Accordion,"Harmonika in Hungarian"
SCOSM18,JawHarp,"Dorong in Hungarian"
SVOPR01,Instrumental,"song has no vocals"
SVOPR02,Semi-instrumental,"song has negligible amount of vocals"
SVOPR03,Vox,"song has vocals"
SVOPR04,Acapella,"only vocals"
SVOMC01,SoloVox,"sung by one solo vocalist (for the most part)"
SVOMC02,Feat,"sung by multiple singers, but not interchangeably (for the most part)"
SVOMC11,Duet+,"contains at least one section where two (or more) singers sing interchangeably"
SVOMC12,Choir,"contains at least one section where many people sing together"
SVOMC13,Canon,"contains at least one section where vocals are played at the same time with different amounts of delay"
SVOFX11,Layered,"multiple vocals are layered together (noticeably at some point in the song)"
SVOFX12,Auto-tuney,"the vocals are noticeably pitch-corrected"
SVOFX13,Choppy,"the vocals are digitally cut and maybe even reordered"
SVOFX14,Transed,"when the vocal is stopped at regular intervals, making it stuttery (example: B3000-badthiings)"
SVOFX15,Vocoded,"vocals are distorted in a way they sound machine/robot/electro like (e.g. Daft Punk)"
SVOFX16,Pristine,"vocals are natural sounding, as if they weren't digitally altered by effects"
SVOPC11,Masculine,"male (sounding) vocals"
SVOPC12,Feminine,"female (sounding) vocals"
SVOPC13,Pitched-up,"altered vocals by pitching up"
SVOPC14,Pitched-down,"altered vocals by pitching down"
SVOPC15,Fiery,"incredibly strong voice that empowers the whole song (example: Adele - Hello)"
SVOPC16,Silky,"high/medium-pitch, esp. GENTLE, SOFT to the ears"
SVOPC17,High-pitched,"especially high vocals (naturally or pitch shift)"
SVOPC18,Soaring,"high-pitch rough, common in Metal bands"
SVOPC19,Silvery,"high-pitch smooth"
SVOPC20,Raspy,"medium-pitch rough"
SVOPC21,Mellow,"medium-pitch smooth"
SVOPC22,Gravelly,"deep rough, 'smoker's voice'"
SVOPC23,Velvety,"deep smooth"
SVOPF11,Muted,"vocals are quiet, almost hard to hear"
SVOPF12,Whispery,"like whispering"
SVOPF13,Hummy,"vocals contain humming"
SVOPF14,Scat,"song contains vocals, which try to imitate and serve as instruments (e.g. dab-ba-du-du-du-ba)"
SVOPF15,Mumbly,"usually in modern hip-hop, instead of rapping"
SVOPF16,Spoken,"regular speaking"
SVOPF17,Rappy,"rap vocals"
SVOPF18,Catchy,"easily remembered and recalled"
SVOPF19,Chanty,"vocals are like a chant (e.g. Run DMC)"
SVOPF20,Lullaby,"quiet, gentle singing"
SVOPF21,Singy,"normal, 'easily consumed', nice singing"
SVOPF22,Lofty,"elated, concentrated singing"
SVOPF23,Edgy,"singer makes drastic changes in intensity/pitch, but doesn't shout or scream (much)"
SVOPF24,Shouty,"shouting or otherwise aggressive vocals"
SVOPF25,Screechy,"high-pitched shouting that sounds like screaming (e.g. Alice Glass)"
SVOPF26,Screamy,"song contains screams"
SVOPF27,Wobbly,"weak and constantly varying in pitch, usually because of emotions"
SVOPF28,Undecipherable,"song contains vocals, which are impossible to decipher"
SVOEX11,Lyrical,"song has meaningful/creative/witty lyrics"
SVOEX12,Poetic,"song has lyrics that resemble poetry instead of pop music"
SVOEX13,Philosophical,"the lyrics are thought-provoking and deal with complex abstract topics"
SVOEX14,Provocative,"the lyrics deliberately evoke strong reactions from the listener"
SVOEX15,Rhapsodic,"the lyrics contain unrestrained emotions from the singer"
SVOEX16,Elegiac,"the tone of the lyrics is resentful/melancholic/sorrowful/etc."
SVOEX17,Sentimental,"the tone of the lyrics is human and emotionally intimate, can overlap with  'Elegiac', 'Sentimental', etc."
SVOEX18,Confessional,"expresses feelings not expressed before in front of somebody"
SVOEX19,Imagistic,"the lyrics evoke vivid images (positives or negatives), either directly or indirectly (using metaphors, allusions, etc.)"
SVOEX20,Symbolic,"the lyrics make use of symbols, representing deeper meaning beyond what's literal"
SVOEX21,Enigmatic,"the meaning of the lyrics cannot be fully understood"
SVOEX22,Free-form,"the lyrics are unstructured"
SVOEX23,Ironic,"the opposite thing happens of what's expected"
SVOEX24,Sarcastic,"expresses the opposite of what it means"
SVOEX25,Satirical,"makes fun of sb/sth by exaggerating their negatives"
SVOEX26,Dissy,"directly making fun of sb/sth"
SVOEX27,Cynical,"the tone is sceptical/distrustful, often with a tone of sarcasm and pessimism"
SVOEX28,Biographical,"the lyrics are about somebody's life"
SVOEX29,Narrative,"the lyrics tell a story"
SVOEX30,Retrospective,"the lyrics recall a past experience"
SVOEX31,Dialogue,"the lyrics contain dialogues"
SVOWC01,Non-explicit,"does not contain any swear words"
SVOWC02,Explicit,"contains swear words and/or adult themes (not suited for children), but within 'good taste'"
SVOWC03,Vulgar,"has a high concentration of profanity, not within 'good taste'"
SVOWC11,Outrageous,"incredibly profane and nefarious lyrics"
SVOWC12,Morbid,"the lyrics are too interested in unpleasant subjects, especially death"
SVOWC13,Humorous,"the lyrics can make you laugh"
SVOWC14,WordPlay,"the lyrics use witty wordplays"
SVIMC11,Swingy,"gives Swing vibes (easy flowing instrumental rhythms, short and long notes interchangeably in the bar)"
SVIMC12,Groovy,"danceable song with syncopation (some drum elements off-grid INSIDE EACH BAR, also often sth extra at 4th and/or 8th note)"
SVIMC13,Funky,"groovy, but snares are off-beat and intricately placed"
SVIMC14,Jazzy,"groovy, packed with instruments, but chill and slower tempo"
SVIMC15,Techy,"gives mechanical/technology/synthetic vibes"
SVIMC16,Housey,"has classic House synths/pianos"
SVIMC17,Trancey,"has elements usual in Trance music (e.g. hypnotic synths)"
SVIMC18,Grungy,"sounds distortion-filled, detuned, riff-based (with possibly rough vocals)"
SVIMC19,Punky,"fits 'Punk' culture (rebelling, rough, guitars etc.)"
SVIMC20,Emoy,"fits 'Emo' culture (detachment, introspective emotion expression, etc.)"
SVIMC21,Gothy,"fits 'Goth' culture (dark colours, morbidity, haunting vibes, etc.)"
SVIMC22,Hippiey,"fits 'Hippie' culture (colourful style, trippy, open-mindedness, spiritual liberty, etc.)"
SVIMC23,Gangsta,"gives gang/criminal vibes"
SVIMC24,Afro,"gives the vibes of the African(-American) culture"
SVIMC25,Arabic,"gives the vibes of the Arabic culture"
SVIMC26,Asian,"gives the vibes of Asian cultures (e.g. Korean, Japanese, Chinese, etc.)"
SVIMC27,Latin,"gives the vibes of Latin cultures (e.g. Spanish, Mexican, etc.)"
SVIMC28,Tropical,"gives tropical vibes"
SVIIM01,Foreground,"the song is too distracting for doing activities other than active dancing / music-listening"
SVIIM02,Background-music,"the song isn't ambient, but it doesn't attract deep concentration, so it can be used as BG music for any general activity"
SVIIM03,Ambience,"sounds as if it could be the background noise to some non-dancing activity"
SVIIM11,Atmospheric,"the music itself contains background noises as if it's played in an environment"
SVIIM12,Fun,"while having fun in a social/physical activity, this song could fit the background"
SVIIM13,Pure,"music for its own sake, no explicit narrative/story/etc. tried to be conveyed"
SVIIM14,Expressive,"effectively conveying a feeling/topic/theme"
SVIIM15,Impressionist,"the song expresses something that's in the moment, and you can immerse yourself in what's captured"
SVIIM16,Reflective,"in reaction to the music you or the singer contemplate/describe their own (past) actions/feelings/etc."
SVIIM17,Theatrical,"music which could fit scenes in films or theatrical performances"
SVIIM18,Artistic,"the song can be considered (fine) art"
SVIIM19,Stimulating,"providing great sensory pleasure"
SVIIM20,Trippy,"provides an audio-visionary experience as if you were under the influence of drugs"
SVIIM21,Hypnotic,"if you concentrate to it, it can make your brain go funny"
SVIIM22,Euphoric,"something about the song is euphoric: it gives a mental orgasm like experience"
SVIIM23,Aesthetic,"makes you contemplate something that's visually pleasing"
SVIIM24,Idyllic,"makes you contemplate a perfect or unrealistically beautiful scene or situation"
SVIIM25,Dissociation,"if you concentrate to it, you get transported to another world, and you forget a bit about your own reality"
SVIIM26,Dreamy,"gives a dreamlike listening experience"
SVIIM27,FeverDream,"gives an unreal, bizarre dreamlike listening experience, which might be bad or delirious"
SVIIM28,Spiritual,"resonates deep feelings/beliefs, often in supernatural/religious context"
SVIIM29,Lush,"gives flora/greenhouse/jungle/etc. vibes"
SVIIM30,Fluid,"gives aquatic/flowing/waving/etc. vibes"
SVIIM31,Barren,"gives desert/empty warehouse/ghost town/etc. vibes"
SVIIM32,Vivid,"gives colourful/rich/positive/etc. vibes"
SVIEM01,Sterile,"doesn't convey substantial emotions"
SVIEM02,Emotional,"conveys substantial emotions"
SVIEM03,Emotionally-heavy,"heavily emotional"
SVIEM11,Happy,"based on the sound and overall vibe, it's happy"
SVIEM12,Sad,"based on the sound and overall vibe, it's sad"
SVIEM13,Sombre,"based on the sound and overall vibe, it's a bit downcast and muted, but not outright sad"
SVIEM14,Ambivalent,"based on the sound and overall vibe, it's both happy and sad"
SVIEM15,Gloomy,"based on the sound and overall vibe, it's gloomy (darker than sadder)"
SVIEM16,Bleak,"based on the sound and overall vibe, it's bleak (dark, dull, NOT SAD but neutral)"
SVIEM17,Eerie,"based on the sound and overall vibe, it's haunting (scarier & darker than sadder)"
SVIEM18,Scary,"based on the sound and overall vibe, it's scary (just scary, NOT SAD but neutral)"
SVIEM19,Spooky,"based on the sound and overall vibe, it's spooky (imitating scariness in a fun way)"
SVIEM20,Uncanny,"makes you feel like something isn't quite right in a scary way"
SVIEM21,Ominous,"makes you feel like as if something bad is about to happen (either through lyrics or the instrumental)"
SVIIP01,Introspective,"makes you feel introverted emotions mainly"
SVIIP02,Extrospective,"makes you feel extroverted emotions mainly"
SVIIP11,Mysterious,"something about the song is mysterious/unknown/makes you wonder/etc."
SVIIP12,Magical,"something about the song makes you think of magic"
SVIIP13,Surreal,"something about the song breaks the feeling of reality in a subtle way"
SVIIP14,Bizarre,"something about the song throws you off completely, it's so unexpectedly weird"
SVIIP15,Weird,"something about the song is weird, without being funny/silly/etc., just straight weird"
SVIIP16,Silly,"something about the song is silly: no longer goofy, just overly eccentric/foolish"
SVIIP17,Goofy,"something about the song is goofy/harmlessly foolish/eccentric/quirky/etc."
SVIIP18,Cozy,"something about the song is comforting/gives you warmth"
SVIIP19,Cute,"something about the song is cute/wholesome/etc."
SVIIP20,Playful,"something about the song is playful/playingly enthusiastic/etc."
SVIIP21,Cocky,"something about the song is self-confident in a bold/cheeky way"
SVIIP22,Exotic,"something about the song is exotic: different in a fresh and unique way"
SVIIP23,Elegant,"something about the song is elegant/subtle/high class/etc."
SVIIP24,Sophisticated,"it appears to you that this song would be listened to by sophisticated/rich/high class/etc. people"
SVIIP25,Underground,"it appears to you that this song would be enjoyed by a specific subgroup of people only"
SVIIP26,Niche,"it appears to you that this song would be enjoyed by very few people"
SVIIP27,Commercial,"it appears to you that this song was produced to appeal to as much people as possible"
SVIIP28,Hit,"it appears to you that this song would be listened to by masses (a hit, or in your opinion it was meant to be one)"
THMSP11,Society,"a collective of people with shared customs, laws, and organizations"
THMSP12,Politics,"the activities and strategies used to gain power or govern a group/society"
THMSP13,Freedom,"the ability to act, think, or speak without external constraints"
THMSP14,History,"the record of past events and how they shape the present"
THMSP15,Activism,"taking action to promote or resist change, often to support a cause"
THMSP16,Rebelling,"opposing authority or norms, often with the intent to change them"
THMSP17,Bravery,"acting courageously despite fear or danger"
THMSP18,Bravado,"displaying confidence or boldness, often exaggerated or superficial"
THMSP19,YOLO,"living recklessly or spontaneously because life is short"
THMSP20,Heroism,"selfless courage in the face of danger for the greater good"
THMSP21,War,"violent conflict between groups or nations, often for power or resources"
THMSP22,Imperialism,"extending power over other regions through force or influence"
THMPF11,Power,"the ability to control, influence, or command others"
THMPF12,Deceit,"intentionally misleading someone for personal gain"
THMPF13,Conspiracy,"a secret plan by a group to achieve a deceptive or illegal goal"
THMPF14,Corruption,"using power for personal benefit, betraying trust"
THMPF15,Oppression,"prolonged and unjust control over others"
THMPF16,Fame,"widespread recognition, often admired or envied"
THMPF17,Beauty,"qualities that please the senses or inspire admiration"
THMPF18,Money,"a medium of exchange, often a source of power and stress"
THMPF19,Luxury,"indulgence in costly, comfortable, or pleasurable things"
THMPF20,Flexing,"showing off material possessions or accomplishments"
THMPS11,Passion,"intense enthusiasm or love for something"
THMPS12,Ambition,"striving to achieve goals or success with determination"
THMPS13,Motivation,"the internal drive to pursue goals or take action"
THMPS14,PersonalDev,"improving oneself mentally, emotionally, or physically"
THMPS15,Resilience,"the ability to recover quickly from setbacks or difficulties"
THMPS16,Endurance,"the ability to keep doing something difficult or unpleasant for a long time"
THMPS17,Fulfilment,"feeling satisfied and complete after achieving something meaningful"
THMPS18,Career,"a professional journey often tied to one's purpose and livelihood"
THMPS19,Knowledge,"information and understanding gained through learning"
THMPS20,Wisdom,"applying knowledge and experience with insight and good judgment"
THMPS21,Education,"the process of gaining knowledge, skills, and understanding"
THMPS22,SchoolLife,"the experiences, lessons, and social aspects of attending school"
THMPS23,Mischief,"playful or harmless troublemaking, often for fun"
THMPS24,PeerPressure,"the influence of peers to conform to their expectations or behaviours"
THMPS25,Nonconformity,"refusing to follow societal norms or expectations"
THMCS11,Competition,"striving to outperform others in pursuit of a goal"
THMCS12,Conflict,"a serious disagreement or clash of interests"
THMCS13,Argument,"a verbal exchange of opposing views"
THMCS14,Confrontation,"direct opposition or challenge, often aggressive"
THMCS15,Triumph,"achieving victory or success after effort or struggle"
THMCS16,Surrender,"giving up or yielding to a stronger force or opponent"
THMCS17,Failure,"not achieving a desired goal, often accompanied by disappointment"
THMCS18,Consolation,"something that makes someone who is sad or disappointed feel better"
THMCS19,Sports,"physical contests for recreation, competition, or teamwork"
THMSI11,Deprivation,"lacking essential needs or comforts"
THMSI12,Poverty,"living with insufficient resources to meet basic needs"
THMSI13,Tragedy,"a deeply distressing event, often causing loss or suffering"
THMSI14,Crime,"actions that break the law and harm society or individuals"
THMSI15,Violence,"using physical force to harm or intimidate others"
THMSI16,Discrimination,"unfair treatment based on identity or characteristics"
THMSI17,Inequality,"an imbalance in rights, opportunities, or resources"
THMSI18,Intoxication,"impaired judgment or behaviour due to substances"
THMSI19,Addiction,"dependence on a substance or behaviour, despite negative consequences"
THMSI20,Alcohol,"a substance consumed for relaxation or escape, often overused"
THMSI21,Drugs,"substances that alter mental or physical states, with varying effects"
THMDS11,Abstinence,"deliberately avoiding certain pleasures or indulgences"
THMDS12,Overcoming,"successfully defeating challenges or obstacles"
THMDS13,Sacrifice,"giving up something valuable for a greater purpose"
THMDS14,Religion,"belief systems centred around spirituality and moral values"
THMDS15,Prayer,"communicating with a higher power, often for guidance or gratitude"
THMDS16,Monasticism,"teaching wisdom (and a way of life focused on simplicity, spirituality, and discipline)"
THMDS17,Mysticism,"seeking a deep spiritual connection beyond rational understanding"
THMDS18,Traditionalism,"valuing long-standing customs and practices over change"
THMDS19,Nationalism,"devotion to one's country, often placing it above others"
THMDS20,Leadership,"guiding and inspiring others towards a shared goal"
THMPE11,Escapism,"avoiding reality by indulging in fantasies or distractions"
THMPE12,Inspiration,"being mentally stimulated to create or act"
THMPE13,Hedonism,"prioritizing pleasure and avoiding pain as life's primary goal"
THMPE14,Decadence,"excessive indulgence in luxury, often leading to moral decline"
THMPE15,Misanthropy,"disliking or mistrusting humanity"
THMPE16,Nihilism,"believing life lacks purpose, meaning, or value"
THMPE17,Stoicism,"enduring hardship calmly, focusing on reason and self-control"
THMPE18,WorldView,"the lens through which one interprets and understands life"
THMPE19,Disillusionment,"frustratingly realizing something isn't what you once believed"
THMPE20,Redemption,"seeking or achieving forgiveness, often after wrongdoing"
THMUE11,Cosmopolitan,"embracing a diverse and global perspective"
THMUE12,CityLife,"the fast-paced lifestyle of urban environments"
THMUE13,ConcreteJungle,"a metaphor for the bustling, chaotic structure of cities"
THMUE14,Consumerism,"valuing the acquisition of goods, often excessively"
THMUE15,Environmentalism,"advocating for the preservation of nature and sustainability"
THMSC11,Science,"the pursuit of knowledge about the natural world through evidence"
THMSC12,Humankind,"the collective human species, often reflecting shared struggles"
THMSC13,Progressivism,"advocating for change and advancement in society"
THMSC14,Sexuality,"exploring and expressing one's sexual identity and preferences"
THMSC15,Gender,"societal roles and identities related to being male, female, or beyond"
THMSC16,LGBTQ,"a spectrum of identities encompassing sexual and gender diversity"
THMSC17,Feminism,"advocating for equality between genders, especially for women"
THMSC18,Futurism,"imagining or promoting progress in technology and society"
THMSC19,Cosmos,"the universe as a vast, ordered system"
THMSC20,Fantasy,"imagining worlds or scenarios beyond reality"
THMSC21,SciFi,"exploring futuristic or speculative ideas, often grounded in science"
THMSC22,Apocalypse,"the end of the world, often marked by catastrophe"
THMRL11,Animals,"non-human creatures, often evoking companionship or curiosity"
THMRL12,Youth,"the early stages of life, full of energy and potential"
THMRL13,Childhood,"a time of innocence, wonder, and growth"
THMRL14,Innocence,"purity of mind or actions, untouched by experience or harm"
THMRL15,Carefree,"living without concern or burden, often associated with youth"
THMRL16,Teenage,"a phase of self-discovery and grappling with identity"
THMRL17,Friendship,"a bond of trust and affection with someone outside the family"
THMRL18,Family,"a group of people connected by blood, love, or shared experiences"
THMRL19,Siblinghood,"the unique relationship between brothers and sisters"
THMRL20,Adulthood,"the phase of maturity, responsibility, independence, and self-sufficiency"
THMRL21,Parenthood,"raising and nurturing children, often with sacrifices"
THMRL22,Lifecycle,"the stages of existence from birth to death"
THMRL23,Legacy,"what one leaves behind for others after they're gone"
THMHM11,Health,"the state of physical, mental, and emotional well-being"
THMHM12,Healing,"the process of recovering from physical or emotional pain"
THMHM13,Death,"the end of life, often evoking fear, grief, or reflection"
THMHM14,MentalIllness,"struggles related to mental health, such as anxiety or depression"
THMHM15,Psychosis,"losing touch with reality, often due to mental illness"
THMHM16,Madness,"extreme irrationality or instability in thoughts or behaviour"
THMHM17,Suicide,"the act of ending one's life, often tied to deep despair"
THMCM11,Chance,"the randomness of events or opportunities"
THMCM12,Destiny,"a predetermined course of events, often seen as inevitable"
THMCM13,Miracle,"an extraordinary event defying natural explanation"
THMCM14,Decision,"the act of making a choice, often shaping outcomes"
THMCM15,Promises,"commitments to do or not do something, based on trust"
THMCM16,Lies,"deliberate falsehoods meant to deceive others"
THMCM17,Betrayal,"breaking trust or loyalty, causing emotional harm"
THMCM18,Adultery,"betraying a partner through infidelity"
THMCM19,Morality,"dilemma what can be considered good and evil"
THMCM20,Hypocrisy,"acting against the values or beliefs one outwardly claims"
THMCM21,Virtues,"qualities considered morally good, such as kindness or honesty"
THMCM22,Sins,"actions considered immoral or offensive, often in a religious context"
SITST11,WarmUp,"especially suited to be played BEFORE an event (e.g. while drinking w/ your friends before it)"
SITST12,Introductory,"suited for starting an event/gig/etc."
SITST13,Start,"suited to be played at the beginning of the event"
SITST14,BuildUp,"suited for increasing the energy on the dancefloor"
SITST15,PeakTime,"could be played to a dancing crowd full of energy, among the ones to hit them first with"
SITST16,Sustain,"could be played to a dancing crowd with high energy, but not the one hitting them first with"
SITST17,Release,"could be played to a dancing crowd that's getting tired, chilling them down before hitting them again"
SITST18,PartyBreak,"similar to release, but not as smooth energy decreaser, but more like a creative/drastic one"
SITST19,FinalPeak,"could be played as a set closer, with a final blast of energy"
SITST20,FinalOutro,"could be played as a set closer, but a slower, contemplative piece"
SITST21,AfterHours,"could be played to a tired and sleepy crowd, bringing energy to them to keep partying"
SITDS11,SlowDance,"suited for slow and intimate dancing with a partner"
SITDS12,HouseParty,"suited for on-and-off dancing in a house party"
SITDS13,PromDance,"suited for active dancing, but not too intense, and poppier sounding"
SITDS14,ClubDance,"suited for full-on active dancing, sitting down and chatting etc. is no longer a choice for the crowd"
SITDS15,Rave,"suited for intense dancing, only enjoyable to people who are 'in the scene'"
SITDS16,SceneParty,"suited for non-intense dancing in an event for a particular music, for people who are 'in the scene'"
SITDS17,Striding,"suited for striding in marching-like regular steps"
SITDS18,Nodding,"really makes you nod back-and-forth to the beat"
SITDS19,Headbanging,"really makes you bang your head up-and-down to the beat"
SITDS20,Pogo,"really makes you want to jump around"
SITDS21,Swaggering,"suited for going down the streets in front of people while being flashy"
SITGU11,Lounge,"suited for a waiting room, lift, etc."
SITGU12,WindowShopping,"suited for a shop setting in a mall, especially clothes shop"
SITGU13,Bar,"suited for a bar setting (alcohol, friends, strangers, stories, etc.)"
SITGU14,GirlsNightOut,"suited for spending a night out (in a bar/party/etc) with your GIRL friends"
SITGU15,GuysNightOut,"suited for spending a night out (in a bar/party/etc) with your GUY friends"
SITGU16,Beach,"suited for a beach setting (sun, sand, waves, swimming, etc.)"
SITGU17,PoolParty,"suited for a pool party (water, jumping, cocktails, etc.)"
SITGU18,Barbecue,"suited for a barbecue (social, cozy, vibrant, etc.)"
SITGU19,Picnic,"suited for a picnic (calm, vivid, natural, etc.)"
SITTW11,Autumnal,"gives autumn vibes"
SITTW12,Wintry,"gives winter vibes"
SITTW13,Springy,"gives spring vibes"
SITTW14,Summery,"gives summer vibes"
SITTW15,Sunny,"suited for / makes you think of a bright sunny day"
SITTW16,Rainy,"suited for / makes you think of rainy weather"
SITTW17,Stormy,"suited for / makes you think of stormy weather"
SITTW18,BadWeather,"suited for any bad weather, stay-in music"
SITTW19,Starry,"suited for / makes you think of a starry night"
SITTW20,EarlyMorning,"suited for / makes you think of an early morning"
SITTW21,UntilMorning,"suited for / makes you think of an all-nighter party session / event"
SITTW22,AllNighter,"suited for / makes you think of an all-nighter study/work session"
SITTW23,Sunrise,"suited for / makes you think of a sunrise"
SITTW24,Sunset,"suited for / makes you think of a sunset"
SITTW25,LateNight,"suited for / makes you think of late night"
SITTW26,DarkNight,"suited for / makes you think of dark night"
SITTW27,HazyNight,"suited for / makes you think of hazy night (when you might be drunk/ill/etc.)"
SITTW28,NeonNight,"suited for / makes you think of night with neon lights, that of rich city nightlife e.g."
SITTS11,DayDriving,"suited for / makes you think of driving during the day"
SITTS12,NightDriving,"suited for / makes you think of driving during the night"
SITTS13,Racin',"suited for / makes you think of racing in vehicles"
SITTS14,Cruisin',"suited for / makes you think of slow driving without any purpose, just for example the sake of relaxation"
SITTS15,Boomin',"suited for / makes you think of listening to cool music in your car using big speakers"
SITTS16,Roadtrip,"suited for / makes you think of driving big distances"
SITTS17,Travelling,"suited for / makes you think of travelling (between multiple destinations, longer duration)"
SITTS18,Vacation,"makes you think of a vacation, or you believe it would enhance a vacation 'Warm up' / the actual experience"
SITTS19,Walks,"suited for / makes you think of recreational walking"
SITTS20,Adventure,"suited for / makes you think of wandering into the unknown and coming out of your comfort zone"
SITTS21,Countryside,"suited for / makes you think of the countryside (rural, but still populated areas)"
SITTS22,Wilderness,"suited for / makes you think of the wilderness (remote nature)"
SITTS23,RemotePlaces,"suited for / makes you think of remote places"
SITEL11,Relaxation,"suited for active relaxation and achieving peace of mind (lengthy immersion)"
SITEL12,CoffeeBreak,"similar to 'relaxation', but it's a limited in time (a short breather in the middle of something)"
SITEL13,Weariness,"expresses similar vibes when you're tired and just lay still"
SITEL14,Laziness,"suited for being lazy and not doing anything productive"
SITEL15,Daydreaming,"suited for unimportant wandering about less important stuff, getting distracted from the more important stuff"
SITEL16,Focus,"suited for focusing on the task at hand"
SITEL17,Work,"suited for creating value, music that makes you concentrate and helps creative thinking"
SITEL18,Housework,"suited for boring and repetitive task such as housework"
SITEL19,Home,"suited for / makes you think of being at Home"
SITEL20,Exercise,"suited for athletic activities such as working out"
SITEL21,Skateboarding,"suited for skateboarding"
SITEL22,Suburbs,"makes you think of the suburbs"
SITEL23,BigCity,"makes you think of the inner city of a big city"
SITEL24,Ghetto,"makes you think of the Ghetto"
SITEL25,Industry,"makes you think of factories and industrial areas of a city"
SITEV11,Dining,"suited for / makes you think of dining"
SITEV12,Dinner,"suited for / makes you think of dinner"
SITEV13,Serenade,"a song (sung) for someone, expressing positive emotions towards them"
SITEV14,RomanticEvening,"suited for / makes you think of romantic evenings"
SITEV15,ClassyGathering,"suited for / makes you think of classy gatherings (high profile vibes)"
SITEV16,FriendGathering,"suited for / makes you think of friend gatherings (easy going vibes)"
SITEV17,FamilyGathering,"suited for / makes you think of family gatherings (cozy and familiar vibes)"
SITEV18,Goodbyes,"suited for / makes you think of farewells"
SITEV19,Memorial,"the song is a tribute to somebody who's passed or other form of appreciation"
SITEV20,Reunion,"suited for / makes you think of reuniting with someone"
SITEV21,Homecoming,"suited for / makes you think of going home after being away"
SITEV22,Wedding,"suited for / makes you think of weddings"
SITEV23,Anniversary,"suited for / makes you think of anniversaries"
SITEV24,Celebration,"suited for / makes you think of celebrations"
SITEV25,Halloween,"suited for / makes you think of Halloween"
SITEV26,Christmas,"suited for / makes you think of Christmas"
SITEV27,NewYear,"suited for / makes you think of New Year"
SITEV28,Hymn-like,"this piece is / could be a hymn of something"
FELLV11,Infatuation,"expresses/resembles the intense but maybe immature feeling of falling for someone"
FELLV12,Angst,"expresses/resembles the feelings of romantic frustration (no progress)"
FELLV13,Neglect,"expresses/resembles the feelings of not receiving attention from your love interest"
FELLV14,Rejection,"expresses/resembles the feelings of being rejected romantically"
FELLV15,UnrequitedLove,"expresses/resembles the feelings of 'love' towards someone, even though they've rejected you"
FELLV16,Romance,"expresses/resembles the feelings of requited romantic love"
FELLV17,Romantic,"not explicitly about romance, but musically suggestive of it (can be romantic background music e.g.)"
FELLV18,Sensual,"similar, but this one is mild and soothing and doesn't have to suggest romance, just positive feelings in general"
FELLV19,Passionate,"the opposite of sensual in energy: this expresses fiery romance"
FELLV20,Sexy,"expresses/resembles the feelings of lustful excitement IN YOU (subjective)"
FELLV21,Erotic,"explicitly contains lustful excitement (objective)"
FELLV22,Sexual,"explicitly contains sexual content"
FELLV23,Dirty,"explicitly contains sexual content, but in a vulgar fashion"
FELLV24,Seduction,"expresses/resembles the feelings and actions of wanting to seduce somebody"
FELLV25,Flirty,"expresses/resembles being flirtatious (not as intense and clear as 'seduction')"
FELLV26,Affection,"expresses/resembles the feelings of affectionate love (personal and deeper than physical attraction)"
FELLV27,PlatonicLove,"expresses/resembles the feelings of love without romance (e.g. for family, friends, etc.)"
FELLV28,ForbiddenLove,"expresses/resembles the feelings of love despite setbacks of other people, some situation, etc."
FELLV29,Separation,"expresses/resembles the feelings of being separated from your loved one(s)"
FELLV30,Heartbreak,"expresses/resembles the feelings of love related sorrow"
FELLV31,Fighting,"expresses/resembles the feelings of arguing and fighting with your (past) love interest"
FELLV32,BreakUp,"expresses/resembles the feelings of the end of a romantic relationship"
FEXCL11,Kindred,"feeling togetherness with a community"
FEXCL12,Intimacy,"feeling really close to somebody, without feeling vulnerability"
FEXCL13,Vulnerability,"the feeling of letting someone too close to you"
FEXCL14,Solitude,"being alone in a neutral/positive, blissful sense"
FEXCL15,Loneliness,"being alone in a negative sense"
FEXCL16,Grief,"the sorrow felt when you lose somebody (they pass away)"
FEXTH11,Jealousy,"negative feeling because sb has sth/sb that you want"
FEXTH12,Longing,"wanting sb/sth wholeheartedly, but it's not (yet) painful (no setbacks)"
FEXTH13,Yearning,"wishing for sb/sth that you cannot (easily) have - it can be painful"
FEXTH14,Hope,"believing in something despite difficulties (it can happen, and I believe it will happen)"
FEXTH15,Faith,"having trust in sb/sth, fully convinced (e.g.: she's going to do it, I know her)"
FEXTH16,Trust,"trusting sb in the sense of directly believing them"
FEXTH17,Gratefulness,"the feeling of being grateful to somebody or just general to God/life/etc."
FEXTH18,Disappointment,"when someone doesn't live up to your expectations, usually hurting you in the process"
FEXTH19,Delusion,"being unable to realise your false beliefs"
FEXTH20,Temptation,"when you're contemplating sth you know isn't moral"
FEXAC11,Injustice,"what you feel when you experience sth that's not fair"
FEXAC12,Blame,"when you think someone else should take responsibility for a wrong action"
FEXAC13,Revenge,"when you cause misfortune to sb because of their perceived wrongdoings towards you"
FEXAC14,Rage,"bursting in anger, in a visibly loud manner"
FEXAC15,Hatred,"acting unreasonable towards sb because of some prejudice / negative history"
FEXAC16,Cruelty,"acting unreasonable towards sb without apparent reason, just for enjoyment"
FEXAC17,Indifference,"not showing any apparent care towards somebody or some situation in a sombre tone"
FEXAC18,Nonchalance,"not caring about somebody or some situation in a confident tone"
FEXAC19,Forgiveness,"what you feel when you('re willing to) forgive sb"
FEXAC20,Honesty,"a feeling related to confession, telling the truth regardless, etc."
FEXAC21,Empathy,"sharing sb's negative feelings as if they were your own (compared to sympathy, which is just understanding them)"
FEXAC22,Compassion,"willingness to help someone in a bad situation"
FEXAC23,Generosity,"being mindful of the wellbeing of others, especially when it comes to providing"
FEXCP11,Humility,"when you downplay yourself so others don't perceive you as vain or feel jealousy towards you"
FEXCP12,Pride,"showing satisfaction because of your achievements"
FEXCP13,Vanity,"feeling overly confident that you're better than others in some way"
FEXCP14,Insecurity,"feeling less than others in a way and being nervous about it"
FEXCP15,Awkwardness,"discomfort felt in the presence of others, often because of acting different to what you think others expect"
FEIMD11,Mellow,"feeling warmed and relaxed, e.g. after drinking liqueur, spending time with your family, etc."
FEIMD12,Joy,"intensely expresses happiness"
FEIMD13,Sorrow,"intensely expresses sadness"
FEIMD14,Melancholy,"complex sadness, that's reflective in nature and indirect (unsure of cause(s)), and often persists"
FEIMD15,Depression,"intensely expresses depression (acclimatised prolonged sadness and inertia)"
FEIMD16,Nostalgia,"sentimentality (positive or ambivalent feelings) for the past, or more broadly just associations for memories"
FEIMD17,Wistfulness,"feeling of sadness because you are thinking about something that's in the past"
FEITP11,Burnout,"extreme tiredness, usually caused by working too much or some mental issue"
FEITP12,Resignation,"feelings associated with giving up and accepting a bad situation"
FEITP13,Regret,"feeling of sadness about a mistake that you have made, and a wish that it could've been different"
FEITP14,Guilt,"feeling of worry or unhappiness caused by having done something morally wrong"
FEITP15,Anger,"visible and intense frustration (not to be confused with 'Angst', this isn't love related)"
FEITP16,Agony,"intensely expresses pain"
FEITP17,Relief,"a feeling of happiness that something unpleasant has not happened or has ended"
FEIDR11,Indulgence,"allowing yourself to have something enjoyable that might not be good for you in excess"
FEIDR12,Greed,"a very strong wish to continuously get more of something, especially food or money"
FEIDR13,Curiosity,"hunger for knowledge"
FEIDR14,Confidence,"trusting your abilities and acting as you don't doubt success"
FEIDR15,Self-reliance,"when nobody can help you, or you just don't ask for help"
FEIDR16,Eagerness,"being happy and enthusiastic, up for anything fun"
FEIPC11,Naivety,"trusting people or things too easily without having experience or knowledge about them"
FEIPC12,Doubt,"a feeling of not being certain about something"
FEIPC13,Anxiety,"extensively prolonged fear which is often irrational and mentally destructive"
FEIPC14,Fear,"a feeling of being frightened or worried by something dangerous, painful, or otherwise bad"
FEIPC15,Awe,"a feeling of great respect sometimes mixed with fear or surprise"
